Model,Accuracy,Precision,Recall,F1
XGBoost,0.9433333333333334,0.9273416075650118,0.9433333333333334,0.9320290368517938
Random Forest,0.93,0.9130933806766834,0.93,0.9178233994940316
SVM,0.88,0.8539469301234006,0.88,0.8631403390300072
Logistic Regression,0.8733333333333333,0.8443184248906175,0.8733333333333333,0.8525576690596544
Decision Tree,0.87,0.8893935617860852,0.87,0.8793998130302957
KNN,0.85,0.8237696050721023,0.85,0.8302272813191247
